,account_id,customer_id
0,d5ebac742b,b180726caf
1,d16f084fdc,88a1acd12b
2,1f8e7160e5,fd9a46e736
3,83666fc96c,d8b7d8c38b
4,9bae0f1216,70bf2b6389
5,0a08c48fc9,e9a1345341
6,ddc658b5ef,543e6f000b
7,9fcefcb17b,052368e2c4
8,6486983216,55fc837723
9,2e556ac6b0,0f80d139c7
10,c5d5a728f3,e88ca7babc
11,1ab716a87b,67d15de469
12,97564c0b45,342098ef6e
13,ee77d90205,191e4416f9
14,e4c908a2f6,f1eccb405e
15,1d76396228,9a2054f37b
16,9d5467e109,94fd8e4600
17,dc9f9723cc,1da02f0be0
18,35e15b25ff,30552f996c
19,53d9701f92,92341976f0
20,18d9a8e7de,4d72c9c45a
21,fc3d163cd4,ef69627fe8
22,8b1fb1682a,1b6aca2211
23,3d9b4f6e87,6eed853088
24,a4930d949e,cfed7397e1
25,6ec1e1d745,f0e1140eab
26,f9bea87855,9bbad7306e
27,26bb2afc78,2228205d42
28,331f1f2228,375f2fc676
29,60e91acbe1,89e5960a78
30,cb75880689,45a2399c02
31,4df55be30a,40531d5204
32,b7a44cc5b0,5e7e48a04f
33,c16039dcd6,df970dee7d
34,a8f295ab6e,250ade61d3
35,3054738427,96481d765b
36,43794ef273,7a08dab0fe
37,b966062b4e,0d48be390f
38,d427f69ee5,c6d5bf1925
39,ed921299de,0db1d5f274
40,09eb7bfd91,753eb86893
41,a8f070746f,7b63eea310
42,f9bd2757d0,6a1874e882
43,c3ea56e0fd,12c6f6aa46
44,2931081351,9b7bca06da
45,0956621a69,408d636a22
46,455cec0407,25f7d69edc
47,894741d4ec,62085b2969
48,739bb92083,ea8bb5969a
49,3c4055c37d,701cbca81d
50,6ead3df3b3,9f44a86389
51,06eb1ee760,dec30360c1
52,439f48f694,f7c00fe8fa
53,6dd3f7aca5,c2d1a2618d
54,ace6ee7f0f,8e10d61d70
55,11ae937353,b190c0a6e9
56,090541c1f6,8ce9ee1b7b
57,e01ec79316,d8ae24bed5
58,44dd03f1b8,d4dd565778
59,dcb00c5ba5,e5cb20452f
60,fe4e6d5d5c,39b6250591
61,940915b25b,c082f2d1b6
62,6dfb81ca28,c082f2d1b6
63,8accf9bc3c,67ada38765
64,68c5b75abf,85fd7f216b
65,e8285ec8d2,12d269f24d
66,c48a151cde,63aa2564e3
67,085abe5f9a,f2fa152f23
68,aacbad5a9a,e670c91864
69,6c40b0401f,b51857f340
70,f674c07850,74d1b079d7
71,a0dae98895,e67e5a9247
72,2be345d2af,d1e49f447d
73,81546aeb33,ff373325a7
74,cf0a9817cf,9a7c17ab92
75,4493a45d91,e880830880
76,342a6a069b,4eeff0fafc
77,fa5aa09a0e,4d4e674ba0
78,ae8edafbce,3b0419f246
79,58076c731b,317cc9dc0d
80,b1477d95f3,d9b4831cb1
81,80b869496e,66a4adfa25
82,65c5121821,3f962996d9
83,b918568456,db137b7e1c
84,0628aa0174,68b58585e1
85,a8bcbef4b7,d44c60b1fc
86,c293a39806,92cdcff739
87,bd332d71b1,7350df76d5
88,1519236251,a0d1aed584
89,6571491ce4,a8c75f05aa
90,8056789f09,ada861d070
91,372e5ad843,8febd52dc3
92,2bc9ee0b4d,8e540667ee
93,d459022974,779c926a86
94,d25cc7b3fd,3ff293367d
95,4bf05bf1da,ea06c14714
96,b02bfc6e27,22c8c51830
97,41efe41eec,cd18b5f842
98,c85022c2de,ee850b8c0e
99,e0a253ba35,bba458bb24
100,03fb10b838,6a39c9d2de
101,4c20d9aa79,89a5ec5841
102,93773435bf,9efd1f8a9c
103,c5bce87030,3d51b601d1
104,86e5a6310b,e76c1155fe
105,f104c9efcf,e0260a5485
106,fadb0700b8,2381d3964f
107,fb5d20e6b6,64d511a1db
108,f3e3509a81,aa411d0579
109,b30a880f5f,1467af0856
110,63359fba70,ccddb19d94
111,d31a2f66cd,e7b4e2fad6
112,1395f81d5f,89d0bb8ff5
113,3308fdaa58,641bd8c7a6
114,c248d68c60,f27f31c2ec
115,244d8487f5,4aa340e957
116,407d46a7ef,84ac5c44f0
117,dd2b077bf6,7ff754850a
118,99fd90db04,2922ff1f6d
119,25f6ae5e36,a60e9fd96f
120,cf81fb944b,10298399d2
121,19d9131197,134044f532
122,2425a0df90,dbd8f59f0d
123,c69f02d44e,d7593307bb
124,f2e91c5624,4fefde507d
125,a1271be884,3649bb9f9a
126,ce2f9354ba,160bb8e16b
127,3e3cbe471a,864f14e7ec
128,8b8335273e,abaaeba7e5
129,638436ad3c,255524bc9a
130,fd4f5207f6,595251999b
131,741a4fd1d5,0e0bd748fc
132,4ef7267ca8,b48678e449
133,04b47ddcd1,ef6aa87882
134,471c5dfdea,6139a75209
135,e8715cbe05,1cf586f524
136,d5a2704754,32b911b220
137,c766847b75,9d4476f5b3
138,14291cce59,254aadcdb7
139,7c8b163139,73a92caa7c
140,71015de13b,e47cbab565
141,d0ccd4649c,92a66cae3a
142,5a2d3738ef,d311dbe6f6
143,3ab555e328,103b0e4299
144,5e543e89ad,ae4ebf5b50
145,e5b066e51b,890154f503
146,924e1c2a40,ef9a054231
147,c1a6058580,3005396ff9
148,1d4715f0d5,7e421b06fd
149,5bbd207a20,781d95c8a8
150,fc03ea169b,4c72002078
151,a1229882a4,227b9632e6
152,19db9832f4,4e2b112b12
153,d2f486ca51,b7124a6c55
154,75f0bfe5de,4cbebbedf1
155,9ce3dc38ee,1d8078b254
156,736e972b48,4c7d4516d3
157,8d252d6b8b,bdcb4274ae
158,5e45d22715,aa6d35a7f6
159,351ff2941f,ccc66d9816
160,be837762bb,7327939303
161,7a39728c49,ee07efb23b
162,77ea36d0aa,33f800200d
163,5f170dd3ea,ee3a53bae4
164,ba4768f4b6,02e3ad81f7
165,9571a44b24,ca06a283df
166,50749a8657,ebd37ef55e
167,4ec3f1c49e,d0bff333fd
168,ed017775bb,ce03e1a19c
169,e06164c269,cf4957e101
170,b7bac28e70,918080cd15
171,cf5f9ac48f,faf4000b11
172,91d7a1479f,6ef8c06893
173,d49c7d9ebc,68c122bf1c
174,6998f38578,481f1dd5bf
175,ca41d2a190,9ea6a12389
176,fbe33091f5,3e0ad9c02a
177,74c43e98f4,4ce44c3554
178,dac99eb6c6,13636304cf
179,114b113c87,cc1c03e290
180,9f5cc53648,f3dc5a26eb
181,1d89049dc9,809ebace73
182,a6e49109dc,c175d7d8c9
183,ae08b6db23,669721b711
184,d939f70d66,58c4e97866
185,9b797e1e21,e82921d0ec
186,e70df9782f,590472a08c
187,e29a8e54ec,d4e682cd9b
188,b9963727a6,56b9db5d45
189,bea3bac0b7,a4374799d5
190,1dfa2a5cdd,9e40e5eae7
191,1ad0dec52e,27f534b9db
192,aa7fcf8449,bb9ec8381d
193,685f0bb81f,5d1bc5de7c
194,5a3d2d38ba,3aa9d3cdf6
195,8a886579fc,ecb8e0183f
196,875e23b4ea,6b09b12f72
197,aac47e511f,8a8a70c3c9
198,253d95ec27,894ee920a3
199,32fe41074f,403a735077
200,21562e08a4,ad96b1587e
201,b385adbe21,0d2f045e9f
202,39873ec563,78312e84d0
203,2403d251af,c615ae2183
204,c0237edb3d,554315737e
205,c02b1aab53,823b64a776
206,c897c2f15f,bfb45363c3
207,58f9cc7a45,837a9d10b1
208,7bd62cc8b7,b33d9a66b2
209,833749046f,77dae23a7d
210,6170cd11f4,77663589f1
211,2afdd38595,5d7ef6af86
212,9cd83d54c6,7e12026867
213,4f95d9afef,8f46fca0b4
214,e27dea90be,318e70cdd0
215,5f98010546,ea0ead6984
216,a045e417bb,4afbf8b24f
217,e1eacdd01a,e48e416ad3
218,41fa20040d,b7f88ec712
219,955b5b5141,c31a64def1
220,2a768e507f,17c961a1a0
221,4d0533474c,8cc0adde5e
222,12d9806d9e,fa40e351ef
223,de15134bb9,ab26259267
224,39e9a60239,e09f3ddf0a
225,72b7626571,fb5e61c958
226,1a6de29aeb,0bd5df11ea
227,ec0732286f,0193c994c3
228,8026f3ce3e,2281bcfcfb
229,c3b22676aa,3ad2fc20c5
230,90f50c4e0d,7c9aa03e72
231,f058c5a8f1,8530096741
232,a1dfca580e,cd9c02e405
233,9d5807ef50,083bfef5be
234,8830a33cbd,7ce92f0d23
235,79ba5ee0c4,0180af16f0
236,2820196059,eeb6425e81
237,b864d8e686,7d5aa78140
238,9ef1c84834,8a1be4a221
239,c3de561d47,3a2e1ba5c8
240,00da7666bf,2f219b6dac
241,22013204eb,c485f98041
242,7531dd1326,559b46ffab
243,54f7536bed,67bda557be
244,4f0f8bb669,b9ca224b4e
245,32a820ef82,354ea1d0c5
246,656b710c21,84119593ae
247,02ec9b029c,62c878d4fa
248,6f853d3c68,d253ab434f
249,83125d927a,2d28326afe
250,22745bddce,fbc8751b48
251,37d0fe9192,021d273cbf
252,e9c348baf5,e0103383f9
253,9b0c1f9c98,93406756d5
254,0d0a35c80f,feec5814c7
255,ea77323f9d,39255b3bc3
256,0ed87e714c,8ca684f68b
257,30e5f4a218,56e8033c31
258,ce8248af02,b3c80f5250
259,2d6e7bce0c,85fda36c99
260,39e99e2fe3,83736e3a3f
261,100d8869a6,20009700bf
262,2f84fb6446,201232a34f
263,ce7033ab40,2754249a60
264,2b31dbec61,e962122ce8
265,6b0718a808,731e499be3
266,cf52cd5107,29f763456c
267,9decf9d662,12fb25fc79
268,f1a051a69a,918a50d101
269,7f02c9c704,e7929382e1
270,5214864141,4266d26a87
271,520f69642b,5654a8dba1
272,09ad151c43,b096f6f370
273,010bee2788,702c123b33
274,ec75596d24,6d60bff256
275,6d5003b495,1a52ea7b5b
276,54e8e80e99,e12302645c
277,5c03c116c3,21072e1424
278,fdba8f7340,8314d88f38
279,e3a154b09f,9d45307dc7
280,fa527cf77e,6cf3e71020
281,e487954bfd,0a46b13201
282,7dbb31584d,e18f53c210
283,f9e5fbdde7,a4ac30adad
284,3f2206c741,6f71f9b58e
285,682aa9c6c7,f581c72759
286,c8461cdd4c,15f3efc647
287,b1227c3a6d,f7b06e9038
288,52b55feb9b,e72f8348d4
289,97d6ffd496,c51069b5b4
290,9d8c367580,282a9f1dcf
291,925b20e4dd,1d96764aad
292,030dc38233,79acf31f81
293,3d34a4364e,94306e1995
294,0d86a5d50f,2774092384
295,54318ff73f,351538b9bb
296,d8e024cae6,295b2e051b
297,1e325be1d8,a3766bc0c8
298,ef801e2226,9e3636d906
299,810338bc3d,e663f2ae92
300,b535322f22,752f9a16f2
301,9be928513d,a3a3b48c35
302,2245608c71,b1cc9715d0
303,a0c005c805,0709bb1921
304,5d1f4b2689,c84e25e84d
305,37b4c5db87,7ec62fc8cb
306,7cd6673b00,abc5fe0c02
307,0f614dd1ff,2ca5cca9db
308,d764e528cd,34b3a330b1
309,e5abe097d9,be07f6e940
310,23c5edfdef,daa7d7ed53
311,35052943a7,586f5a913a
312,1bcd2228d5,96a9ccc544
313,3828d216f7,86c5167835
314,035f5bd058,fff31b3314
315,7f5c045ebd,2929ffbb8c
316,88fd8ac715,f330148d23
317,121102e246,8748549247
318,96f5997c2b,fd935f69fa
319,e66f148fed,254b6b9f89
320,6692c42645,7410d91472
321,1e775ca0fb,3ac42cc065
322,e9b5278123,e06d129f83
323,1bf7305f1f,f87da69872
324,b8458bfb7a,e889b143c7
325,b8d5218544,9538bcb902
326,38c9a2866a,f941eeb351
327,67f3236f42,34f356275f
328,35b21cffa5,d4ef8c1574
329,22a0139b4f,c43aafbcac
330,d9542611a8,510a739784
331,b8442ba1d4,6ad16a814f
332,a1d8b0894d,726bc2a107
333,1009debf2a,4e738fc07d
334,5d3e41a7b7,0597a7c194
335,79e29a2164,c106ab0459
336,72c4be6cbe,0f2bb41419
337,eabd4f36bd,bad8a0e828
338,2cf8615452,728a795979
339,dd4533403e,f16c33cdd6
340,e5726d6e35,6d75cee072
341,b1ab479a07,7d40dc7421
342,6aaeaee730,27b8f96181
343,089c76b2ca,10b9a9306d
344,259154cbdd,f99391e75b
345,3525632418,f80da140d2
346,0b87d956a9,a850a0d048
347,5b111d494b,bc859fa971
348,8487bf6eae,e193ec2884
349,ccb1017712,d32eccfeb8
350,7fb3e386ff,f5ef75547c
351,64010b9755,d5c1cd01b7
352,6b7e6f50b4,8ca7b90734
353,67dbc5ed44,272401b563
354,d418455a94,a58ebdbb23
355,c1cfba5750,3e931a43d2
356,ccecd961fa,c9470e7a37
357,3a2075182e,258d528554
358,8235172f95,258a1496ba
359,0463b7eb44,ae8fbdc941
360,2683b876e9,79fa63039a
361,fb04e68f84,3cedd5ad1e
362,8e3202ca8a,60c7f603d0
363,7da7d2d920,2a671eb00e
364,cc75deceb4,1dca23cfb9
365,ceca11caef,ee685387d2
366,75a67af66e,435c432b35
367,90026d32d2,68bc0b3d9f
368,e77fb15d74,b288ab22e6
369,61598c107b,3bbab5ebdd
370,2e1e4d7e4c,92583899a1
371,63aff06295,b484a978f1
372,bb414e71c3,29bf229e40
373,678097f923,04845435da
374,d9f53f2b3e,3cb5326f5d
375,51c0e9d02f,be422778d4
376,e72bb0eac6,342ff256c3
377,b44e68a729,04068e431e
378,60c73d42ff,0f287b1db7
379,f1a5e24dc9,f02650f658
380,b21d32fa7b,6bf0c74c15
381,8f4696011f,c1441f1999
382,0ced7cf22d,bbba438d7a
383,08737a33e3,db1f95a353
384,a70b8e6baf,e12172ba03
385,5295c93b42,ca8ec9191f
386,6749d9057a,4b8582398e
387,05bf8c96b3,d18b61383b
388,5f39d8545c,f69b80e8a3
389,9555090b1f,afe7c2b86e
390,f5db3b4a6c,f4a4830cc8
391,79ab81f267,e9b4b9c6f2
392,dbb0e1a758,e6d2d521f7
393,2525982872,6f9e521683
394,af063b0ab8,94a0b7a887
395,ec37e467a9,5fc7684807
396,1dc0d68fe7,cf0e3efbb4
397,6d85c1fe2b,cdb90f9ac2
398,c391c3c6ad,5dc8042723
399,b26b20795e,b1507f3155
400,23ffd51cd7,e8b6ff70c2
401,d36ffc2c8a,92ff56c621
402,067ca7fe08,37a02299de
403,2c73b33048,f74c9e3fda
404,7522394bcc,06275fd79a
405,d4a07e22e6,54730607e7
406,71d00e73ad,5ee3272e6e
407,c80a61581f,a9202f5bf1
408,baa3aeb869,3f272f7e9d
409,52a0f56864,95ee5094d8
410,fadd1760f1,3b7072a7bf
411,27ff17db79,1d0418e10f
412,c6c5260abd,896463129f
413,a6e846a47b,4eed8b558a
414,e7dce3eb16,a8184a6018
415,92028a77bf,67ea311483
416,4eb1a31ef6,84c271addd
417,a52b511520,83a82bc34b
418,37e2c265ea,dcc96df52e
419,a5416772ae,37703864b2
420,e110398d96,548e87deeb
421,266fa99703,0869ac4de8
422,ada3404c1d,9596945b98
423,4610bfec5b,eee5e1d779
424,762fd1ae26,22890b1dd5
425,dffaa7f154,f03bf7c2e7
426,c9c7d08196,aa4d2b162d
427,b63681a012,aac619ba4e
428,a55d9ac584,ad129c702f
429,7286723c39,172f528584
430,dae955e470,c3d35bc178
431,df77fad7f1,f0c5fb7a53
432,b635290cb5,0db1bcf6b0
433,eb3b07a696,1b7493c9c8
434,cacc4d0901,473fa3ab4e
435,3c1751e304,f92b386cae
436,da5441aecc,104ef956a3
437,007f1f784e,03c542191f
438,6d279fa33c,374ed35145
439,914d4af48f,1ffa9e7b59
440,2b746ef327,7dca5090e1
441,5d71f28845,3cf32c4dae
442,bcdf5419b8,516bbed394
443,87aea7bca4,f26ff9e342
444,9e0358fc7b,383ff187cb
445,6687244f27,290562256c
446,0916fc3405,e315f1864a
447,e2b9296410,fc0768bb20
448,b375b6267a,e9e3e6153b
449,0b0adf2d32,78b508ab0b
450,c9c4e94ef6,df5edd9c3a
451,4494662f1a,f44d9eb681
452,e432d8b8b5,211b4d01c6
453,3e44b2b7a3,3a0fe04a9a
454,c61338ea08,7bd5711d10
455,be42f6254b,b6db7115bf
456,89bf91f90f,e24839015a
457,7318327842,5a4b77528a
458,31756417da,1f5f2e54e6
459,a1222ccf2a,c385cb3233
460,5a9b5ebbe1,c354a4691b
461,2a5a8346c2,5e9a7df56e
462,64229792b9,8182023676
463,f822693b10,a0911815ec
464,58df6e8480,c7858fe7b8
465,6d99d01b1f,92b465e8a0
466,a28e870d96,9eb87216e7
467,2cbbf98cea,2b3b989c65
468,66fd8e9c3b,9b44d3f173
469,930d38a87b,08746181b1
470,593a7996c3,296009bd8c
471,31c5c04165,b1724047f3
472,c1a73585aa,c10d3a8374
473,7da7d2d920,1465f145ae
474,651730be3a,6228bd44d5
475,9cce5cefd6,6030a621d0
476,69c65b2d53,24f935987f
477,5f8718d892,1f8d0f3b53
478,0931fc24ce,81ae133969
479,d1a5529f2f,07c46bcee9
480,8189db0a97,37399d23ff
481,5c9c5ab1ee,a392db993f
482,f6ffc13baa,cbf9222947
483,937c90cb2e,4476da0871
484,3caca30df3,490af2f13f
485,3a86446a09,76b5c23afa
486,d8d1c665c9,dfd34dd9d3
487,bf32ed830f,ea6c23139a
488,5bfc034d57,fbe9b4f81f
489,bba5baa9a3,cf64f5a67d
490,c5b8c5181c,af2a4df627
491,3ce2a4999e,6baaca99fd
492,6f6b22403c,b7899b8490
493,5da51f2aa8,9d802440da
494,6cf82d6955,fb68974d3e
495,16eb031e11,676015816f
496,99a909dbfa,d308d7ea5f
497,41e91757f1,b2d8f40100
498,b11f7af678,dc951f8f4c
499,e64e677fbe,3b74bd50f1
500,4a99332785,eacce8a566
501,536f6f71d7,2e384c5be2
502,f79b9c38d7,ab4b736501
503,2b37fca876,4ee4717a9a
504,b219ee4af3,c01657f605
505,c0a83ab11e,6cc1425766
506,ad0f4bd65c,9fb3ee4654
507,43fa766c91,0546bdd753
508,859cc79e2c,7d6c0109db
509,5744811752,e21602f641
510,4438349249,b763dc9e24
511,636649c260,dbe492acbb
512,9bd76ddbf8,8f38c5475d
513,6fb191915b,db33291690
514,e45b362ba6,94251a4d4e
515,fbcc9c9c7c,acddc67f17
516,79e9ecadb6,15e2c2093b
517,5ff6ab7b24,8f4042462b
518,5b4fc9df53,1cbd78cb16
519,71a31d6760,ab8baac278
520,ac6f152663,abc21eada2
521,8f8ce21f4e,54ac4c60e3
522,24f687a966,3d70c4403a
523,5aace4e013,dbb6f17a39
524,c1e688d422,3664b326c3
525,a7be782a6c,49e1d6d1e3
526,19bbec2ccf,2f3603997d
527,5bbf1b7c4d,c54ea62c02
528,7b04c0ee66,09ca8b0738
529,46b82727d1,c186d15a0e
530,d43194e9d4,3b30302d66
531,7532b7ff25,37ef2535b6
532,9557e174bf,0f4df22764
533,ed79242aa7,a0c564e128
534,a6c4837378,ab753b0f68
535,8bb9ff6212,8577702cce
536,161df208fa,42f905d11c
537,b298040c7b,6f236530c9
538,cce7a89cf5,1556f76e42
539,be9764887e,2080a997a8
540,0fe1faed46,6aa7ed979c
541,2ea6717f7a,b60ffee818
542,f3e20aea45,5a4749d7f5
543,ccfe3c0f00,9a476b1f9f
544,328117b376,0c75600f52
545,952f6e39b4,fda71ae5da
546,35b8a817fc,dce4801a55
547,e76da06616,2ee0645b08
548,add8a1e66f,21719ac576
549,c6d6a4d7c1,b166e5f7f1
550,a958239ad5,9b1510cde9
551,d01822197e,0e6711d4f8
552,952c715289,49ebfbca20
553,984adeab61,c34d59d8ad
554,249b6dec2e,776e85fc9c
555,29d41a7e1a,2d50c06ab2
556,09587f720f,e6588d01da
557,8ed7ca6695,73c1972503
558,b4dbab24d0,f8ffcf176b
559,fa08df1d60,be5c27b65b
560,1a6575b728,3b55957f6c
561,47765acaba,4929ba55d2
562,a22d29ff9e,98c083284c
563,1a6c92acdf,4051cc3407
564,9d52e22740,609da57851
565,725cd21884,2ab3e95dcf
566,604de05bc4,8c6df93cdf
567,ce5f8baf37,63c0195cfb
568,7991d34c91,8eda0cb3e2
569,d0d2efe253,7a77719f91
570,bb7ca953c6,fb893f6320
571,1ac486f0ba,46d63d7a84
572,f85e7c659d,62fbcf3c3a
573,879959d436,e7f134ab5b
574,de70841217,1fe4f1419a
575,e061a248c8,90b350fc28
576,04d31e8ce6,479941ca4f
577,02049164ff,9841294cb9
578,5133718fa4,8cdf86b1ab
579,d8b900b1e8,3c89d47a82
580,c3913da563,e90a284524
581,4b582a1f3b,947adc85a2
582,690fa1cee1,bbf52c2f38
583,4369080433,b67e471871
584,76088dd123,9dbf7af206
585,f948d90f1c,d80834a851
586,27e14c4a9b,1a9c84140c
587,6b43159148,1d2725e6ac
588,1aa7780144,9c0aac0d85
589,c730d6aab1,074f192d28
590,b3f3f645b9,2902eba2ef
591,b6ed6c5d3e,7964ea7f25
592,131eae982c,c776953108
593,a6d652dde0,ddc6fa2053
594,3b5692f9a3,ff344446d0
595,5f41b49291,e2d94c894c
596,0c1c44584b,4a5161f673
597,5fa8fe54a1,5d6f5dc37b
598,231f73d05d,272a837a09
599,e9a5274211,8990f139c2
600,717e5e77ff,8d57b4bcca
601,5e9fa05480,b9b4b299b8
602,7201bedc0e,4ab0c89e2b
603,79568137e8,282dd8e53a
604,89a6daf3ad,7155edd8e2
605,eda589c4fb,73cece5bef
606,f256e9a451,236a376e93
607,6f08491836,c9ecbc2b26
608,b3a018e619,f0949cf45c
609,6c4b0906ed,732e0100e3
610,75ad120e38,9f3169b1ad
611,89856093c7,52ef23e925
612,414e7aadce,7b9a22fe06
613,5e9c9e6abb,1e4f14ae95
614,834adf38b3,52dbdcca4a
615,888a7018ae,3684a0b506
616,1ec7b3fc26,cb4548e18f
617,bf035c1458,8ced86d9ca
618,6f925d1e57,32530ba0f5
619,4e954ef83f,b962c032a9
620,1f2881c71c,4a96d679ad
621,c667064735,7398bb2568
622,efc1457b78,03a7d09007
623,4fb8900243,ecf31e2501
624,eb71003b29,3eed9f5c48
625,d52390ab7f,213814b1fc
626,0f73bdec00,a10c70cca8
627,3a6c5ec69f,d00cabbf78
628,710ede9183,030475c627
629,36b23ef51f,a46a617ff7
630,b970e9ea1f,2d42635f0b
631,bd9f88e92e,92d5053171
632,a7e552939d,5391a7271b
633,d897fc56e7,19628eb245
634,f5e956327d,5ab35809fe
635,b7a5c8bd2f,a797910822
636,a61942edb4,cefc4b0f14
637,04b9df9329,eb388aca3d
638,15a771cb57,0165d45d2d
639,654b81fe7b,a4523675ed
640,f1ed841f18,78e770d918
641,ab17a952ca,29b646be64
642,8d890046bc,3ff7b0472e
643,4c437e2243,374ceee67c
644,75ebfefae3,53142fd938
645,7219a7f441,4409449452
646,381fd31753,8e086f003b
647,29182a8800,51917b8307
648,83e68a3052,55d80bb4f0
649,d401d2ecb4,dba1165188
650,9299d8ad05,b7ebd1b624
651,53c5762b49,f6fcde92fd
652,078680e3d7,4e9a3981d9
653,4b05ae72a8,72576502fd
654,af7f47b8cd,79a9342f74
655,acb0a6ade6,aaed5c0015
656,bfe1576462,ae3a0ee5fc
657,4fec33781c,cc16bf5d1e
658,3ae9ffbda4,274f644a1d
659,52c1a01a5a,fbec88884f
660,f51ec7b269,0fab77c745
661,8002f9dd40,61ce8ade4a
662,b2d1d42a02,6e12d6c829
663,b7ceb7189f,440b6e142b
664,e5523026ee,d1b81c4139
665,6869974fd1,29c612e745
666,7e86a1c0b2,cbf5383b4b
667,56f0e17473,07bedccbe6
668,9c290ff320,8def1171d3
669,06239fe601,834af6f678
670,237a6ac105,78d542a681
671,7904229ae3,1ab1c9c2d7
672,80173de549,a26a06af21
673,4487cbff0c,0b7e8c3094
674,53b646404a,8e578f1624
675,c6b1ad7af0,9c9ad3111f
676,98ddabf032,397c424505
677,856b59a7dc,4e1c292d14
678,3143fee55f,b461851484
679,f78c4414f1,ac9a34b989
680,1ccc0e0525,71019dd3b6
681,8fc9c133e5,9dae45fbc4
682,780cfb76be,83b455e85c
683,9500851bdd,2da139ae8a
684,ee246d4f76,d5753faf2d
685,5d54d3ca40,b1766bf9f3
686,00565f107a,07cb870287
687,c31b0bbe5f,e3b730aff6
688,4857b35772,1c58401c8a
689,6c57ea2dda,549d265959
690,5017988199,924d7ef710
691,632a70da87,2fa5372457
692,e6bd4288fd,32a35589de
693,9a11507ab7,02abb52f1c
694,cc270780b7,8bf2973d18
695,c2db75cb77,45fe9c2918
696,bc7503824a,2424b0effd
697,4895b6a18e,216d4d9e12
698,5968cfb069,91e87b018a
699,e064527b6a,64a0fdbf3b
700,26ce531cbf,d7b00e8136
701,251f81bef0,6db547d929
702,d37f6d1b94,560a317b03
703,9fe9aa82cf,523963ee2a
704,a3f968a70e,ef6a9e268a
705,7fa118943b,de32c4c73b
706,5aa14dbe1f,de2b16fd20
707,f852c8ea68,3e076e9a3d
708,dbfa54b7b1,a1777554b5
709,f3db0137e0,e92413d1cf
710,e899a02a4e,8c5e07e43c
711,d4353a2b5a,6b5bad6d74
712,3120ba7b16,f91f4cf414
713,cccc6bc3bf,b2d5d82eec
714,293f02e2e5,b300b467c1
715,ab9def01e7,47de59a1cd
716,241d2bb0cb,f00a351a47
717,08090a46d5,8086670381
718,c21ac89c6e,92ef9abea6
719,b2fb4af07a,315815b892
720,b85641f7c3,3c153c8477
721,3bdcb869fc,0647adecf9
722,dc836de28f,20eea34af6
723,886c65a1cc,78039a5ecb
724,276ee8e1be,af02f41511
725,b8dbf136f2,15b5fe821d
726,5a69e12be8,6e8d8dfa30
727,d1d9bc8c89,7abe5e7fe9
728,5a361a71f7,c41a9d4247
729,9ef909b6b0,3a6f697f82
730,1954a97423,799492fd4f
731,775063222e,9653f49504
732,9c3dd6523f,1a1a995342
733,04e951185f,3256c31cbe
734,dbfb787809,b0719aae14
735,992a284b10,3c82dc4bb8
736,f24999658d,a66819e77a
737,90b0bb357f,db88e9b535
738,e1b5638485,14ddebe25e
739,879fba157c,945c9274c5
740,dc77f03fdd,fd3683ab78
741,e9f3f48d20,945ca4368b
742,f99bd53a93,d2365975bc
743,b73e2f52da,d6904289bb
744,e99ced607f,b9a6f1ce82
745,cbc5a248bb,ba6fc0959c
746,d75e22adfb,7cca1c58a3
747,bf8c62d428,8621141a3f
748,63db7238c2,54f51577ab
749,99056c9624,75bf3b6b04
750,d1974c8822,b020167300
751,d903c1e634,82fbdbfad6
752,48c071581b,55312e788c
753,9f8c85095d,30c5f273fd
754,60f9d6f9de,3856a1cadf
755,88b897ae57,0290dca8ad
756,8c70f8da87,6fb04d930d
757,29db579282,62441fbbd8
758,af208aa86c,8bec648ce3
759,566473a5aa,5123439aed
760,a40015a5a7,b67e0c6ab0
761,7e560c824a,9cc6871ebc
762,aa3d590d9f,7bcf597056
763,d0b4991daf,c0d56b9742
764,902217cf56,a105e164fe
765,a9ee68518d,10be076d76
766,2e9d166419,9b215a1ee9
767,9998b576ad,84fc46c28d
768,6321b6b932,6666686cdd
769,289e1f4d99,afdb17dabf
770,789db5d26c,c30c740707
771,5b48630862,b04ea550c4
772,058f2530b6,170e220860
773,bca3293688,cc433a9824
774,ac431815b3,1d15fc733b
775,93264d91b9,3f7baa816a
776,6e127d4e83,f3e6044af5
777,874b2f366c,04db79abc3
778,1f1a020bea,5fc0c90822
779,17340fc0c8,923c066c8d
780,cd6b81dbf9,589832ad07
781,c1cd5a9fd2,fa236eba8b
782,e228406da3,a437d3a727
783,99c41f2cd1,659b979be7
784,8535a32d4d,cd50216568
785,87b65755fe,52b8217316
786,dd45448819,5e35b8c6b5
787,3bfd251a49,e1839692bb
788,7b96b5a097,8403b81ea3
789,7c67843a89,ac543d1010
790,79c59f7c6e,e11f6f6940
791,6b8a957691,0e1afa47cb
792,deecead78d,0796d69c08
793,8174fe12d7,ec072d5cc9
794,f32e65b87d,67198432db
795,8eb20b2d9e,4c941c820d
796,7757aef7ca,fbde8b680e
797,6a88d2b84d,149d886922
798,8f62be423d,118f63c1ce
799,1ebb282e66,71298924eb
800,a83652927d,223a09f12b
801,a1e4fa570b,4ef079d2f8
802,3f7b60c5cf,519a04f2cf
803,2b76348e8a,a7acb16049
804,c46f50ddcb,591b908dcb
805,e125ae772c,c9788f9834
806,08e6417bc9,c77ecabe5a
807,b60c86b245,3abb0c41e1
808,19cece055c,79eb738fe0
809,bcfc27d3e2,07c96c890c
810,ab79506d54,6715e0be67
811,ca1c415e80,9ad3e3e5b0
812,fd60337f6a,e83f8f826c
813,8a56e8863d,99419f964a
814,484868a61c,e1c83fd2de
815,0dd2c617d5,9bd14030ef
816,b0d2e4ecd2,ebcbc692ad
817,68f74c1fbc,48e844f8e6
818,83c429271d,2a0b9c2c79
819,3c22f482eb,97e74c2144
820,54234f684f,4b26a8da6f
821,c7ece8081a,998c29dd98
822,d5b4f698f7,5f20d1c832
823,d0016be3da,b671bdda03
824,501216e6d8,0f6ad92019
825,0295269e3d,fe1200a58e
826,b242fac1d9,18c3c645e3
827,8023aad245,111ff9e6cd
828,22158eb68a,7ddc2c86d0
829,b23836ad01,267c1cbe1e
830,77d7e6b7f6,5993b12ffa
831,0a78c98308,cac946b718
832,17defa71ab,5c9cd8ef70
833,524dfdba96,f2db18ba3e
834,978455c6be,de2329e088
835,45fa75a35b,36bb49cd67
836,e2d640c978,8d159d038d
837,32e26f3f14,42a6654ca4
838,12bd766911,dd7ffef291
839,ed14c742c1,906a178674
840,05bc4e7a0e,4bf1c39ad0
841,2ed8c3312b,0baa314dd1
842,41385a0c3d,ba29cddfd5
843,65f14f2f4a,1c9b80c45d
844,dbf7f46280,a88c29933a
845,ac5346d405,a4dc6ee533
846,ebb98bba9d,c0fe084fbf
847,c9b2b77e7a,e0f3e8f6a6
848,0fbcf445a6,930139cdeb
849,5a7b87ce16,9c6604c68f
850,228f972d80,b2a899f167
851,b54d76de93,f1616647ef
852,a5ad2bf914,3cdf030998
853,c93f338645,5dfaed7383
854,c3a9082260,27fda048f9
855,d232fc91fb,4463e251ac
856,bdb4422e21,1b4ecca57a
857,ecd0342472,cbfbd7e40f
858,377c2c4290,8c6e004800
859,8496fd62b8,07fbc1930c
860,dde03ab1c0,b91d981b88
861,f31ee81a9b,a4755225d3
862,b29a70335c,d8df489988
863,55b12e8a73,a9093c53de
864,f4ed8becd7,d69818bf35
865,687f9f0977,5032a4df23
866,677577dd3d,d1bd8d6272
867,3a7116f49e,c988caa0f4
868,3bfb125f59,700f7dbbe9
869,e8d9f583f8,7f6eb6c717
870,fa729cfd95,fbd6080236
871,12b734b035,2a6526cc22
872,556b8673e4,af6edfe99a
873,8453144b0e,0c3671d864
874,ceb6ec2df0,f8868c9f8b
875,727badccd6,9a3c921ee0
876,0005e85916,f6fb846d47
877,333092f2f9,d179c8400a
878,2405ad9edc,f0f2417551
879,9d3cef19dc,47b60f7fb9
880,404618ae5e,303dcecd58
881,1a8685e262,076ea67fef
882,5c26ac06c3,c17aaf0328
883,9aca91d9e8,89272ab3d9
884,44a5667ac2,48b44b276a
885,2fcb54cbbe,7fa3d56b4c
886,9e27b3987e,1c66c24661
887,8762c2889f,69510ef9d8
888,380fab4c4a,ac4e4738f0
889,ca1fadaee8,622c08ae6e
890,8221c804cb,3186117cfd
891,98697161e4,9def43f9d8
892,e5bf093688,55da823455
893,7ee8f7c1b7,fbe5b8fc41
894,255d53ef67,6b4d053a57
895,f1a453a7a0,3a9da0c428
896,081c2e39ea,5ec973cb2b
897,bec691d90c,fcc00459c1
898,ce299fd42b,9a62e4bb52
899,65ed14b8cf,2fa0eb0ff2
900,f4a5b04018,429f5ef989
901,b1913e7fa2,6b8a029d0a
902,c3f4ad9a65,a44d706f9f
903,293648dd15,412eba8f53
904,c80f9954dc,10cba70138
905,c1eac98e60,361722aee7
906,087e1db08f,62aec823c8
907,760b03f125,93cacca5e5
908,205ef48827,5c55d04aa0
909,20c42d4513,6d9d6eed38
910,b7ab3d3a24,22ba1d125c
911,135724b632,7e659fd659
912,6c0af2c376,bb2fe88894
913,01e2753963,d7d4e7efcb
914,f89918cd74,0707f983cb
915,c58bcc0d8a,92f9d3a1f9
916,0b7ccfe940,4ec63a88fe
917,8edf74426a,05d2163162
918,a25786b0ab,dbcdbef885
919,edc6ffc3b7,47a15cd6f0
920,29cf34323c,a5dbb0697a
921,6bcad3287f,08ed062378
922,7e63fa51a7,347e6f7674
923,97214f1f3c,272827a987
924,8478b71adb,385e081c8a
925,3b820ecbe5,083406a948
926,7451adb323,9d308565a1
927,754c5f240b,2e667623ad
928,36a9dce42a,cacb0caf1c
929,e7b192bd16,9a0fb9bae3
930,cc5b020a80,434da57327
931,6ff01a3f0a,2ace5c3f78
932,795c395aa3,3abe018e8f
933,39f4277ae8,f289f00821
934,004d5eaeaf,a77a329641
935,9e4751fed8,1cc0934135
936,5626637604,364cdf8d65
937,96e89f3a4c,b23926b37d
938,cd92d3d65f,2b7928ce14
939,d62bba9070,759b6fb625
940,7eb58931bd,ba35884b8c
941,d4d0ba42c2,b43d65166c
942,2a607cab3e,793ff8e8be
943,2eb588678d,884784bced
944,74a0380848,687d60fe7b
945,29ae2c1ad2,0490f1be3d
946,76a8d1c519,67057ce49a
947,c4002087b1,4dcf9119de
948,867c02aa61,6af95c596c
949,90ccb03a14,e6fd257c74
950,7ec3aab550,f39079f38e
951,d836e329ce,bc2c36c9cc
952,4428d7e946,500a1727ac
953,2a00c25021,2c3ff11d24
954,94e7aaa339,bed2d958d3
955,bf115c3f0a,a931cb1791
956,e798a65cdc,f964545c10
957,5fbb95fe70,af2826731a
958,d43b8e6a83,9876a44667
959,c571c1670f,4b4fc201a1
960,bb5eca7e66,54ec97a397
961,6e3a51d917,5ba6eafbf3
962,4a7a0e3cb7,8b369636fd
963,356f93d226,1ab72cbea0
964,ab3844a4aa,719c45f603
965,0979162d6c,661b675f33
966,7954d0340d,40040ebaa8
967,d589642bcd,b5ce1b73f1
968,1129751498,257d7d24b3
969,9b0156b2d9,393a7298f6
970,f2bebc659b,328520d822
971,d42e3db00b,44dd199da9
972,d3246fc673,7dbbff6f62
973,648770492f,d5e7dac352
974,dcb10697df,052d568c00
975,b1347a6fd9,0c6660fa87
976,3bead0ff04,c4806d9bd5
977,069678df27,4576190013
978,f371c4c3fc,5571c66876
979,28235ffefc,14ef0a3552
980,8ca17e9124,8520574b4b
981,287299a99f,5d0daea6e2
982,1fa83b5ea3,cc081e5d75
983,6c9189f783,6204491161
984,01c8a51453,214508adee
985,bc9873c0fd,9731967598
986,4fd8bda8c1,3c49674f60
987,5c7f6c8668,721e341caa
988,756f99bde1,2c89dd43a6
989,246b08c17a,05ffee057b
990,dadff5c19b,e8f3d1c2d7
991,778e646a4e,630a9340c5
992,56a3b07c09,8efbdaebb1
993,50f480049d,ba09c9ccb2
994,034f4b11a8,f1390f7186
995,962fbeab8b,343bd2b1a9
996,b9d4dd7f5c,0c12860bfe
997,c01768dd48,fe19daf0c0
998,6212eebbfe,e33e38e3b3
999,2f50026d53,caad050780
1000,02172e5a69,c8cd79c67b
1001,ec5e8942b6,211fb0c713
1002,e3e20f7e70,116467e4e9
1003,13fac8780f,de5f79f432
1004,7e2f608aa0,5b05bccdff
1005,f504a70df3,b3e9f9fb90
1006,36d2b181ca,2dc1b01576
1007,dac0c76e1c,5d79187332
1008,026c8896d1,9984db3fcc
1009,84efffd8b9,fd1f21a6eb
1010,63265aa867,495d576dbd
1011,6e1aecddbb,f5e3581ed4
1012,d7e7b60c07,e46c717f93
1013,b1286c5b46,9ff69389ab
1014,e02dd8311d,1bc20661de
1015,5082bec162,b4fa952993
1016,1ccecc898f,23ad1f600f
1017,e82f7178fc,c3057e5012
1018,dffc03e8b0,dab27a1f58
1019,f4c2bf6271,f85faf97b5
1020,fe52f8f8f0,c34c54b5f0
1021,10b32f1e96,a51b2baada
1022,ae8c12de1f,6ef64c2428
1023,b662457d75,a5c3ea9727
1024,a2b564fc47,8395f04d1d
1025,5166c85384,fd702d292f
1026,dd18641efc,58b1b15c65
1027,831b094b2f,7575b730da
1028,91a4e3d92a,441c713414
1029,d5c88ac025,1337c2b447
1030,b796099fbe,b50afbfee7
1031,c315e65730,0cf4a05adc
1032,0e36c5e93c,83f334b411
1033,2c742e69df,64498287ca
1034,84da03eb15,ffd663e2fd
1035,590408b0d2,dc59cd688f
1036,c6f9e6f2ac,f454fba1bd
1037,fc003b22ac,8d3b79e792
1038,2f2e3a60a6,8d1df3005b
1039,62f6f266af,6aa640826f
1040,5bdd259513,586c2750ff
1041,adc59157dc,0f452075dc
1042,e931c46190,e9446cce41
1043,11b840d7b3,20d4e86dec
1044,9ce11aeaf9,a277a18700
1045,b1ce125de6,1f64d15763
1046,5e9087848c,9d50807be2
1047,83ae784156,5ccae1e02c
1048,50cd3cc75b,d920dd38f0
1049,b1d26c3fa8,6bfbbebca6
1050,46ed6dbee9,b07495a496
1051,bc55e05bc1,2d11d254ab
1052,35713b4e95,98fcb21070
1053,6bf7220ea8,fc96de929b
1054,b019099f6f,97e9e7273f
1055,99b0950514,2c0d22b616
1056,4060f5a448,e152d9a5be
1057,54b6cfa239,9fb997e508
1058,ced0174811,5604adf64d
1059,f1714042e4,0dec2e95ec
1060,957d609ce5,a9ef94a825
1061,79d5922b23,11e9677dc6
1062,6406f7c91c,b8916d690c
1063,107e8931c9,4f129c2c77
1064,119327479d,746dea6819
1065,44d8df8ecd,172e8dbfd1
1066,ba1b4165e2,67fe5c6daf
1067,1d1572fc4a,0eb691ffae
1068,cc4c054226,669bfa4522
1069,018a27f900,22f9f3da43
1070,cf97a70097,130386bf48
1071,7ce8fbd09d,6ee461e3c0
1072,693cdaf25f,9a0d63a72a
1073,bc25dd01ea,61cdcb853c
1074,f3d221eee1,1ca3a73f5e
1075,696091cc8b,ba3d540e69
1076,7ed68c633d,f0ef3a303e
1077,d797eb8c76,7b648c5600
1078,868974c8c6,d169ae46a3
1079,a8b5326dc0,4ea8ac511e
1080,37bdc4d545,d8d1a2548e
1081,c78b415b40,db08e0175c
1082,951227b75b,4aee7cba99
1083,67f812a784,c81139c0d7
1084,f0abb2963b,04d1f1ffe8
1085,1903621434,6f25d88c56
1086,21cdb71840,f476bd27eb
1087,ef1382adf6,fb825c49a5
1088,96c9e7b3d4,eee3f98862
1089,2c56b4ac94,20e633fd8d
1090,9e652fee46,58ec627680
1091,910b555d3a,191c0c5b1f
1092,964a12984f,03b79900ab
1093,54cf869cc3,562981c0c2
1094,2cc9963675,e4be41da89
1095,b3d8923dc3,9612b72331
1096,13072dcc3e,84a2728b0b
1097,5143117516,58d3a17771
1098,f0cddcac35,2d666a8103
1099,1c1ef97378,dc5ecc9021
1100,e625d35e08,0c97a1ae7b
1101,81555c0339,ccd02c8314
1102,d6f2535b99,8dd39675bd
1103,b08b39023d,ee041d10aa
1104,affd8718c1,62d155a64e
1105,2314e347e2,2905c2a89d
1106,e54dab7fef,098ba72554
1107,d88feadf81,78c576457a
1108,8fb302e2c4,2ff9160fec
1109,f4e2049ccd,a0f7ebb75f
1110,e067a05b40,87b2bd2a43
1111,003a9efe74,1ac868bb97
1112,1d59390e07,46fc8d9be7
1113,41653ceb25,ded70e777c
1114,780d25b76c,f473c34b25
1115,aa67369f0e,d80e4cce32
1116,ed6f02a0b0,62b24b7501
1117,097ee741ac,62e633d3ca
1118,8a7e4add26,aa8e4e27e2
1119,6819469282,8213ab2e5e
1120,20d87b3630,9735bf14b8
1121,8ad99e12a7,fe93eb6074
1122,b0246bbca9,0dd442b807
1123,c43f215a1e,52a4e6e4f7
1124,f7c90b8adf,f1018731c5
1125,48af5d71ef,423a27f801
1126,81442fd2cf,c00b96a4b6
1127,fed0401e0f,5c3f7e4860
1128,7a94a53e17,de11abae3c
1129,2be0242cbb,834c6c028b
1130,edcd2aaf88,cb21d86646
1131,e74be86f71,5efa2f9dc0
1132,3275af80ac,dfc2c04ed7
1133,ec86b3e23e,b763c2e1f3
1134,ae79a36589,3f54f4e1ae
1135,48b6b3dd64,2fd3d56818
1136,31a7b76841,34d174399d
1137,561afb2a81,015f05a377
1138,5fbc7fc2e6,d0b56443bd
1139,da99458f71,4d06a53096
1140,ec878c7206,4779f9fb1c
1141,29b2f22ad1,96723edc7b
1142,7f0c17ddc0,1704ad4ab6
1143,c5d6d8c27e,934926169f
1144,146b029c04,472907f4ef
1145,4cd7fb3f71,eb09c7efb4
1146,5fa55c7e32,a53a6d47ae
1147,575e0b9bcb,39b5374770
1148,bcfa00a116,771363a395
1149,39f6a3096b,43033119db
1150,4d543fa2f2,5346fd1bcb
1151,2e262c7278,e9db585bd7
1152,a5f15f93d9,79478485c5
1153,0698984b28,0e422d42d3
1154,166932b9d6,1c0937a4f9
1155,2d1462aeb6,58fa1bbb6e
1156,8b743ebaf0,f73915b7b4
1157,c45d2feb25,51b9d1104b
1158,935fdcfdc3,ac2c229538
1159,5f1d01f841,faad383626
1160,897e3e3248,78a1dde245
1161,5b6eda97b9,23c6799fa4
1162,173113b5cc,7749ad2886
1163,079ad25dc9,7749ad2886
1164,47eda930f2,16dae38db0
1165,23ee9140f6,668ba6e2ea
1166,35faa8adeb,94e7c87c84
1167,e40b9ce42a,4e94a86882
1168,61032e909d,be7daaafcc
1169,e5b23fae32,32a75237bd
1170,3c8d38f381,eebc95f6d2
1171,59c7d0748f,85dfae282b
1172,fbd1796eef,01a54bb807
1173,0dde416a96,323adf25b5
1174,eba1ac9c31,113e5ec5f0
1175,8483260083,e3de21649b
1176,08b5e0bff5,1dc096a182
1177,912b8aba9f,9553588c25
1178,86a5ded1ec,62f2e1a269
1179,aa02e51c54,0df48026af
1180,0e0b1823ff,68f8e3a776
1181,7605f249d9,4f15c966f1
1182,9cfd1cb11a,276b8f0659
1183,356a13800b,a36b29be95
1184,13a205a7d3,b215a4a961
1185,bb1a516530,da12d1697b
1186,594a25a7e4,5f2d2c721d
1187,fb38a48d96,ba206fc05a
1188,ae8ae85eb4,91c4bd3952
1189,5cf1f90a40,ce94282e66
1190,7f03e4ad54,9f1242265d
1191,6f435afb23,15a01f256d
1192,fd32f84d73,d7879eb26c
1193,1f615eff7e,5e81f91093
1194,47e25e90dd,9f278ac04f
1195,d020ccdd97,a6b9aa9681
1196,23531a9d90,3602ade24a
1197,ffe1fe991e,e8be3e120a
1198,ed097e2906,83a9c31bee
1199,e790d97416,f3790e4346
1200,970adf235d,2de7482cba
1201,f27df7a711,08a026f526
1202,e3474c8377,d24828f947
1203,e0cf6b026b,43141a02ea
1204,6c7e9309f9,9e2c5d19f6
1205,66e6a4efbf,61017f574b
1206,db85b4df95,513dad1ede
1207,ab83b3a080,3f9b709c4c
1208,c6461dd571,17c70733fc
1209,99f1dc1c41,dee7606ad2
1210,aa7e16c03a,c1839134f5
1211,b977d3ae02,4395676db9
1212,4c6c9ed28d,fe83b76b73
1213,05128f69a5,7c9b432a5d
1214,6ca7674c7c,1cce96c596
1215,e0d40132e3,daa523a088
1216,14cbea3307,9a3d2105d2
1217,0318d38e0e,192ac3262f
1218,02d09a33fd,9378077a60
1219,5bb66965f3,061ec4cb0e
1220,eaef450fc2,5a17a83632
1221,b6f90078fe,a51b22654c
1222,d5f70fe98a,4155bfc0d6
1223,deba405776,1d0c3b5bb2
1224,458f5e6fbb,f93ff22c58
1225,0f3b5bdce5,9717408497
1226,fd5515c97e,efdbbaf34c
1227,1aecf1b592,a3ec1e80a1
1228,0ad157a316,3a6865456e
1229,007a99dd10,0be2e6edb7
1230,e73b5497a5,0f4250e917
1231,3de10d50fe,04c325579b
1232,543f2e3d9f,33efd37157
1233,a52db1b692,7b85307f71
1234,1ea5d207d4,2d3d0468b0
1235,28c052f663,57cedbf6af
1236,16d639e862,770f259761
1237,84b62e3d17,2f9c2a2f70
1238,03572a1650,bd36ab451e
1239,f69f09933a,c5958ca708
1240,660414458b,b481774e59
1241,34a48e8ea8,0b6fd4f410
1242,c445571136,9c1e0d4de2
1243,cf3a5cbca0,f5ddd1e5ba
1244,14327a14f5,df5d1ce6ce
1245,339f3502e7,8b4e517bb7
1246,f27d3dfa97,2c8c074708
1247,45a1b1c98c,a7b9090fd7
1248,6997c16a42,8cdd4e42a5
1249,b722c042e9,e9035cb7b6
1250,c3ed6f55db,a748cfbe07
1251,cdbb56d8ea,378e0c2167
1252,b7f81f5b3d,be757632bc
1253,b5e122b4ca,f3fe7e7fab
1254,463a55f2b2,980a0b0380
1255,6918b2c0e4,8458a6d0a3
1256,646f628f23,f9f17b5325
1257,06b4799ae2,64bdb4c83d
1258,6324368e79,eeb88cfac6
1259,912ec3b083,d398be4326
1260,48db81764f,df30808628
1261,c7d29bc75b,39b4f38343
1262,53fcf2f510,6f76ed9cce
1263,27f078979a,a3e7de3dcb
1264,639b2db6e1,69911c89a9
1265,a93df06a65,cb0593e682
1266,fc2e009b4a,373c3117a0
1267,274bf4adb9,4439682915
1268,c40f63ce1b,f42a9bf9c0
1269,d53899b9b9,42e861cc5a
1270,768e34e0c1,9593377086
1271,29ca01006c,dde069977f
1272,7395d798b7,00dd94b5fc
1273,2758701b81,320fc525f3
1274,156fbc4fd2,3399cb1c87
1275,97d8bcb598,a67e8355cb
1276,5a66d6fda2,53cc9c0b31
1277,a13d71546e,d11d522aa4
1278,4fae04979f,b07ca8c8b1
1279,ed00a8b574,985468228b
1280,c8833c1f31,5cf4f46d3a
1281,07259ec221,1d3bbf8dfb
1282,5b46d15759,e3d2ade03a
1283,d3b34c26b3,8fdea7b7fb
1284,0997ed4c2d,4486038ab6
1285,ec1756f335,f0181b8556
1286,1221a63151,fc9165326b
1287,f22e412f8e,2e5627b2ea
1288,5cbd55e27b,f6244e11f8
1289,8b9af071a6,8463f9416b
1290,2167160f11,c4fbc24e0b
1291,e075d88dac,f1afd54ec9
1292,7e0beb51bc,11e3bd4837
1293,d2b988a308,770abc8126
1294,f1dbac96b0,525a1d6368
1295,e7180e5072,8cd19147e5
1296,ad4c0be98d,6073f2a890
1297,031d81e50d,e914bd7178
1298,9f0bcce7ab,6681e4d3b2
1299,3a0b7dd6de,180525ff92
1300,e22ab10c4d,1c3b62d2a3
1301,0614a182e1,6a85b5e6aa
1302,a9b7d02d7c,2c01f04e02
1303,c77dae347b,397e3a8940
1304,c49375192c,4ceba74c45
1305,888f11ffa8,790120655d
1306,fd7994fd5e,9404dd1603
1307,a215528b3b,0e326cebbe
1308,366956a0b6,d770e9a479
1309,e2bd576b3c,a1cc39d0c7
1310,a9687f43e7,170c97dc61
1311,2ae136855f,ffadffbe73
1312,134bc7184b,6804ee7723
1313,f36377963c,28dcbd2741
1314,d352809b86,9e1172168b
1315,64e235f94e,addafc005e
1316,971f046e38,a49b294f8c
1317,8266ebb14a,a6772bdc97
1318,c4dceb944b,eb8c080e59
1319,8c8d893477,f6372b2036
1320,7f6803125d,96e2c70bad
1321,37c3389049,68beed84af
1322,25bca595ee,94c6a91229
1323,8be6ac8ea8,e8df65aba6
1324,fe6785dd66,7f858206f0
1325,c35b4f001f,60c7d11791
1326,6ec5396c3f,8b6708f5ee
1327,471d30b1fa,e1badc9c1d
1328,aad60181f1,88c6c5c832
1329,aea5a80a9c,ea3ad6421d
1330,ef657bf363,28f443e9b4
1331,94488ddbd9,d7e09cc794
1332,82b12c151b,ec445c6bf2
1333,ce3fcc65cd,616cec1e42
1334,7de592017c,dad293d745
1335,76cb9c92e3,bbf7aa3e74
1336,b66872130f,c882d8640a
1337,9acdb29ef8,ec51ea389a
1338,f50cf3f6bc,76c0a95d8d
1339,21422e684c,9026a0338e
1340,fadf185a26,7206f9389a
1341,1b43f27968,c915518f55
1342,0402b096a8,de36e67b73
1343,5988a9a12d,400369541f
1344,69f43c3f6d,e72366144d
1345,cffbcc53fb,3517362d47
1346,3a61c37274,3517362d47
1347,d6b853dd46,7598a6c087
1348,7fd0308bc4,c2d0db5f9f
1349,c601894dec,e86b79463b
1350,c82f72100a,32164e2ca5
1351,e4aad743be,d61e708534
1352,9d08c568e8,6ff1121b41
1353,48979a8b9e,334b50271e
1354,a1c15a7a43,2bf25f17c1
1355,e1efb0f6a7,4afbe262a2
1356,8e47f455ac,f3f18feee3
1357,40a5e25c58,cd2323ffcf
1358,8a6bd4fe18,a96e6bb766
1359,435c60b619,ccb259a680
1360,6d546b2502,54d7dfceef
1361,21f596c16d,3fda825f5e
1362,4f2669cfe5,37a47d4179
1363,953cb0c80c,78430bbdee
1364,45addc0089,c46d701e04
1365,1ec3312417,31c67e5474
1366,d972d25164,4cc0df60b0
1367,0133c908cc,974f5614c4
1368,5ac24caa6f,371aac9979
1369,bbe966949c,50c79dd07f
1370,4b0d7aa05a,4554c93042
1371,dfcb73d2e1,46a15bb6b8
1372,c1b4a9c59c,116ad13175
1373,52199d720a,d7820f33be
1374,a4617cd3fb,a92127e810
1375,488e11d437,af597f043c
1376,f50e47b4b6,ca96eb2918
1377,7c9a225ea6,c45a71cedb
1378,dd7cb97475,7c1306acca
1379,d2c7a27380,c95a359926
1380,67815453d7,4dc7384c96
1381,af970b0c48,2fde5df145
1382,251d81b30f,0648ff0ba1
1383,7c89a00cf0,110e0fc078
1384,7f04dcf36b,c0753ba8d3
1385,00f939eb2f,4530a484bb
1386,e7309cec66,b250959ad2
1387,eef3d7d3ce,6f2bfa6386
1388,3d7d15239b,b4bec9375b
1389,16d535af8c,879ec6caeb
1390,b4499fbb3d,1c45b35933
1391,3fb3d7cc63,7b2beb2003
1392,1117a0da98,d503d5cde1
1393,91fa75306f,370e30d53c
1394,e86c0ae905,d5b7d5f45f
1395,3ce7f150f8,494171559d
1396,2e26037d5e,baff672607
1397,b37c504c56,68eb764824
1398,91d84b73fe,6eeb4e9b24
1399,f68be8ba71,6d06d25dba
1400,8d4d763d53,8930d8f635
1401,2a24cf1204,0e1bf1e3be
1402,6b2929a370,eecc29c1b8
1403,cb67a70799,f8435f8232
1404,638367e07e,ae23d408ea
1405,24f46429f2,3b116d7981
1406,0b27ea1e0e,34788a8429
1407,e50566cc40,d9cf009733
1408,2010f5a96f,32d8bd6ca1
1409,b66999eb55,34b800f500
1410,520242cc77,6f22d58913
1411,e6b360a688,cd62a55a38
1412,4adf7571c6,e29f7c3b4a
1413,93723f7332,9720b7e4ca
1414,c570ffe2ed,aa00a064fe
1415,e6170f7d9f,a684b59866
1416,b3395a39a2,3cdd457c25
1417,27e4ff7a90,1c7da70939
1418,4c5a3f40d9,5e8f2efd7a
1419,9627e913ff,6d323e0133
1420,b4cfb297fe,4e57dac645
1421,5cd05ffa6d,e75e963c66
1422,948aa0de89,dbd6ff8b0b
1423,fd803a20c5,86080666dd
1424,9c4cd804eb,036e41acba
1425,15eee59c88,0afd88d8f1
1426,3827b16d37,66e6ce86cf
1427,19b5578705,29386cb060
1428,3325b7584f,07bc6c0d81
1429,1ace5225ee,22d2599133
1430,90c4e7f5c8,a798c76d73
1431,1b11f3fef9,08f65c54a0
1432,b70b81cbed,e85471fd2e
1433,3585001969,f9ea76396a
1434,e7020a3b16,fb8125ef60
1435,70bc2d9329,7c1ac5b3c9
1436,be28427940,42564f99b4
1437,0985c983a1,c7fb5dddb0
1438,8b2cf43f46,7d45a35f6e
1439,f4566b03a0,91b858e58d
1440,51839fd765,c5c46d49b9
1441,86fc0d4f14,8085291e01
1442,bb26908748,3087cd0550
1443,e89be6e2ca,cddc35a986
1444,5d7f19b611,50853296ef
1445,46b041cefc,d2daed6c00
1446,2b198e231f,cc12c4f011
1447,b17dfbcb71,f4cf29260d
1448,58b5681b5d,b255c7ea4c
1449,0fe2fcfc16,e9d654cd48
1450,ddfcc37255,fa96cf74b1
1451,9f1f9db3f6,64834c009c
1452,f08a0139ff,cdc44bf618
1453,51023158d4,68d307add4
1454,b4d16e9c1a,74ad9c02d3
1455,2c4a3ec011,d4c8cc7d21
1456,20a571114b,4d6cae4be0
1457,54175723dc,f879a90fbb
1458,5ebf24d0f0,bff1c673fd
1459,922decfeb3,6427c186a9
1460,f337eb50e0,6ccff2c39d
1461,fb710058af,617b09a426
1462,b4e5c46a6a,82b121aef8
1463,47ab97e451,5dee436bd4
1464,a34007e98a,3bed2cd8ee
1465,691cc1a2d2,1964993c5a
1466,bc5bc28125,71a6c4063c
1467,23fdee98db,316e8d06b1
1468,077f9ad563,79c6cdeddf
1469,3a70d0ab67,592ca72858
1470,0268d5352e,d7aadac6c4
1471,3e8d748055,992f132d34
1472,cbdb05e480,8d29c1f7a8
1473,284fd549e3,959b600be1
1474,e59722c515,0745d709cd
1475,094765c8fa,ba4bb4bd0b
1476,e90c8501b4,8e7ad1efe6
1477,a6360b5f9f,cd46ccd82b
1478,6028149829,13d50eef59
1479,a0dba06944,0483a3bef4
1480,c75e57184e,f768077d3b
1481,e3589ada43,9944a8cf5f
1482,5e45ebd10c,42ecafa461
1483,fe2144b0f4,a1c9cbcfc4
1484,4b557b6339,a71dbba127
1485,35e4343235,edf9b34c63
1486,e50dbde995,c34b755492
1487,6496997265,4250eb6960
1488,b640393daf,4fcfd09e9d
1489,6089eb237f,d07d4668bf
1490,398c6079e9,4b87f732f6
1491,659738646d,73fa0f811e
1492,0e18497153,cfb0ea29b1
1493,f9615841b2,6be77ebf00
1494,2c065eec2c,a1deb011bc
1495,493ce3e232,a6aeb96691
1496,56d21ee142,830910c070
1497,b5f05b71c6,4de143f0d7
1498,e777c2eb63,af0ac7c22e
1499,f9322a073b,da0db6c514
1500,c2ebd13953,1cd38864e5
1501,a60678c0ac,24aaf456e1
1502,c1fc79e07a,9d54e5dc55
1503,cae57cfe1f,4cbcb7581c
1504,b044931511,b9d9263b8a
1505,69b6cf18ea,dde3d2316a
1506,bf6dc2ab76,63c7f3d44c
1507,01692e547f,735b3839e0
1508,e00979964f,e5effe4f4d
1509,9612321c9a,494d188533
1510,9f9e697470,5a556e8e56
1511,aab3e88e3a,09c38c4180
1512,f174655913,1f6dd80557
1513,0fd34fefe7,8897b3a2a4
1514,0a93eb2621,5db0f4dfd2
1515,b8615c501c,d5b6b14aeb
1516,cf7ccfaaf8,6a8f156f0d
1517,5cc7f06443,af661d9092
1518,995acd161d,55c54e6983
1519,3323c98d6f,b631b07a2a
1520,59f2d74120,0d5c6462fd
1521,2e4595c916,22803a81a0
1522,3d15d2a86d,f5a70fda8b
1523,f299e3fb78,dc9762bbf3
1524,8f7edc62bc,a44a031bbe
1525,734bb38c41,6e8b868402
1526,86bb3e0f13,ff7082b3b2
1527,4e6b3ee276,ae61ae94d5
1528,6b07cee462,f949f7e07e
1529,8d4780b7f9,758fc2c01e
1530,dd93ecfd20,139c5f27e3
1531,46989a0c50,8057d3f337
1532,228f0fec4f,0466a638b2
1533,bbbd55b1ce,0cf17e6649
1534,21c66d5b36,bf1d3d3eb8
1535,55ca8060b5,943a6ca43f
1536,7a93877b7a,12696df5e9
1537,bcd375d65e,b9407e37e4
1538,4bef81bc69,d494cbb3a8
1539,0b7d471d1b,b5f015ae59
1540,7a6a7f16a0,3dedf380c2
1541,765750aec0,6273b9279e
1542,50fbf292bd,6640e12a6f
1543,5a448154a6,1e3ec3d5d3
1544,2520d1c174,aea72eb6f5
1545,5fd456ba94,8e456c26d0
1546,d8cc2dfcf8,fdf41d7050
1547,a1de347c49,960d018ae9
1548,0e7ba1fcc1,78f67cf9e4
1549,6d8bcbeeb8,2d0912f94f
1550,9d96c69bf3,0fee1fdc3a
1551,ef9d620447,9e0729dae6
1552,8bc4afe4d5,665dcabc64
1553,4f08bc7d76,f8449d7c4e
1554,b32ba73e65,a92e17774b
1555,97c7cd9bb8,d41be9f3ac
1556,582799137b,a9522c6d7b
1557,6dcb5d9ec1,b9b2e33a54
1558,8e00ff92c9,c4aabe7c09
1559,4467ed1f51,d6fca01edf
1560,44b90c4c4d,2213e335b3
1561,13b4a8ab2c,004079db24
1562,e607b0c1b1,4b6bfb117d
1563,8838c0253f,139684b941
1564,a59cb0f1de,b6df6de685
1565,6502a538c9,e4870b3b35
1566,3f85a730e5,03aaa40b42
1567,eaf433949b,0e0a291f87
1568,ff0f79d442,8e13166bc6
1569,9beaa9fe9a,f1ba35694f
1570,3aa2e75021,6b1df1d8d1
1571,12e46d411f,17831ed1ea
1572,349ebf1507,ae00e7d634
1573,2c0879e766,abada192be
1574,8fba226c06,061ded962d
1575,64c0e7a7cf,e6b9fbfb11
1576,71cc10429e,ad7cf5fd07
1577,da2fbd6075,655d5ed99c
1578,342cf4c436,934c5287d0
1579,3c847bc64d,8c2356052a
1580,d04d835392,0b0ebc947e
1581,f01ef2ca17,a3a4da568f
1582,22446156b8,5efd0c5225
1583,724b302322,c5021fe4aa
1584,9f09f676e9,fcdb6dd6e0
1585,6074e94125,b2a35f7b9e
1586,92ad82fce1,6823fc4730
1587,dde8312eef,7fe7fc6f42
1588,99dfabb9ec,2b561c39a1
1589,5ea48e5eb1,2b561c39a1
1590,254c73563e,2b561c39a1
1591,dbbb69eb95,8b1dee1139
1592,852d665537,c8bff95403
1593,d04caa4f53,756f3d9d18
1594,3e9bd349bb,2b1bca2dab
1595,a33c1dbca8,c42294f143
1596,b33782b8ff,bbed600a39
1597,71e293cc8d,f959620a21
1598,a1b2dc34e6,6067ce7983
1599,2d00d477f0,aa0c73a65e
1600,a1a672ece9,b309952820
1601,4ebb19ddd1,453af3279a
1602,81081e41da,329f7b334e
1603,9d69fc14cc,8fec1730d7
1604,515ab27432,2b2d822ff3
1605,e400d57dbe,288bf5525b
1606,e562290571,5275bb35e2
1607,37cc7925c0,2a54a9f38e
1608,8129167833,148a8b3416
1609,37aa1937c1,da6daae353
1610,cd7693e9ac,fbc69f3875
1611,db5fdafe9e,a94278a751
1612,d26fe696b5,31ce1c3642
1613,991361ee7f,1d8e36e4d3
1614,d75c5be89e,890e763d95
1615,b3b8c09855,ae55e5160e
1616,b6b61dc5fc,eecb759f74
1617,f6e7d22fa3,0e0dc932f4
1618,8436e88639,edf263c998
1619,b9b9258a73,8c97173f3b
1620,fcab644954,377fa53819
1621,604d937612,d15c7752d1
1622,5c65c4ff64,5689c148fe
1623,1cc237a15b,0ca2540364
1624,1742bfc26b,3f5d599ba9
1625,51fe06de4d,f69105463d
1626,060b45ccfa,2ae1e72202
1627,2f503c75e3,c83d50331e
1628,4ad4bb429c,e766307eb2
1629,c25901ccfa,b2c51a653b
1630,a92fac28b9,8704698662
1631,e87058b335,50641a4217
1632,066b90011d,888283f1be
1633,519f359448,75b26697cb
1634,cf7e093f48,b0ad051bf9
1635,31fe438b12,24d4d94cc4
1636,309d5d7249,f50d407a1f
1637,9fd8b56118,ca3fb6661e
1638,3c78a8462f,09e3236e88
1639,045ac280a9,2b3db5c955
1640,e184dd49a9,d660b8007e
1641,4f9f3c4da0,e0defc64e4
1642,ad314985f8,bd020cef62
1643,32fccd7759,e67f7748cf
1644,13e808aabe,a768c7e816
1645,14d343b332,064da2663f
1646,6e61c962f4,13b1084082
1647,3ecf05f253,c0e8e747f2
1648,29ff4c69f2,a1de3ac05c
1649,0284bfc641,6ddf0b7b5d
1650,2aeeecb27b,d535497046
1651,750251acf4,40cd9544ba
1652,214c9ce88a,dce84e0dc2
1653,cf0073020b,a388e1d5f0
1654,548a9f0e6b,f4f3c3a20e
1655,52dfd0183d,e0db51969b
1656,3c710262e8,43eb74d458
1657,e6aef6d651,a8fc399f3b
1658,3a92dfe2a3,c44d63fbb8
1659,7b714d7b68,f9efa8da9c
1660,807e2f7552,099db685a7
1661,e22cb47659,0eff16fec8
1662,c821b3fb02,9301aa64f9
1663,f119a021e3,3781bcb685
1664,82e7956725,56b6b2ee15
1665,99e325e9f3,53b62798ea
1666,d2776e8ca6,865d9aaf9d
1667,333909c3d1,9e98f83bd5
1668,7a36bbad2e,04342981f1
1669,ad2950471b,dfa42b051d
1670,e4071310fe,a9f8d9c575
1671,e622c43f3c,98c04b4a30
1672,c0e8537c4f,3aabd7a1a4
1673,b65b8db1a6,115e4caf57
1674,850fa7344d,0ceb779729
1675,1d45a71cce,68028409c7
1676,ff7a2235fd,f42bce6b6a
1677,b9f4e55f9a,5f577b2418
1678,dc26e9cf7f,8dadad6f71
1679,a00b0288ae,5905e6f0c8
1680,68df2bfe66,1ece5ae7ba
1681,cf954d6673,4aa655b823
1682,1c43fcb5ef,73b24cb149
1683,330fc84d5f,097344ec1b
1684,65b455f877,662f6be68d
1685,e01f7196d2,4ce5967fd2
1686,804f006b4e,b18c7a66d4
1687,d6f1047acb,7a41d60549
1688,05bb1de24c,fcfb0eb83c
1689,16ef94fbc1,073ba14879
1690,021f82a24c,6b94b4bea9
1691,a7d15c254f,702590219a
1692,5e299cb728,d076ec34b1
1693,a8c62daab0,d632bf818c
1694,66fd35f296,72c7bec739
1695,99fe7f2191,1e23bc2f76
1696,9bca8368dd,7ee8aab60a
1697,9674105642,e1bf8963b4
1698,15a86a9249,90e35965eb
1699,613d16f2b5,9f2e46896b
1700,86d2132ebc,114557a36b
1701,cee938e579,ea67615270
1702,2ea1493c32,6ad436b5f0
1703,92e634badf,97b0e84e65
1704,ffb875988e,118ca10a95
1705,e2d7ca30b6,4d09c8d527
1706,6bce905c26,7a80af3db9
1707,2ec6d22041,8a6c7a2967
1708,abfe2a86de,2ed3b8f647
1709,f87863150f,bc8b0023f7
1710,5ddb97a34f,6e1062588f
1711,f56f001021,99db977a55
1712,ec7c03eb97,f4ab8b42c1
1713,45b06490f1,579e610474
1714,0f8e1b36e0,63fe04b3ed
1715,9c8902f251,9e8b269605
1716,39945835e5,539ae78a20
1717,1999793a2a,7f2f605c8c
1718,64446ca9ec,d187d2b646
1719,be51b57cbe,6fd3484646
1720,516ed9a6f0,b6a6ca3ffe
1721,e919e668de,1ad6093967
1722,dcac802915,426ce07603
1723,52ca8fe755,15b0728dd1
1724,706aa3f65f,8c4ccd10b4
1725,eea7f1cab0,b1d3d4572a
1726,c387120137,6418baab5e
1727,1e20f319de,9df4159c27
1728,121b2d5ca7,e6924aaa9a
1729,0ff1e21aeb,10c0beef23
1730,3a268f52d7,6942553a37
1731,3561969de5,6a0993ee65
1732,1b8f2519f1,c0e4829729
1733,51c5da7d5c,a884978b95
1734,557f169b69,2d6ba4be84
1735,a8e1647fb5,2e94712069
1736,1ab0b0326c,684a4b3d5b
1737,750010be13,f74e6ef209
1738,0d80889f58,20e1e99700
1739,07fe0bb798,a957b8a5b5
1740,485afe852b,95b8ae9b37
1741,1fbd0cac2b,2dcebba8d4
1742,16f5c45b02,03da99bcc9
1743,98d66ece2a,1ca34def53
1744,e5d8787a42,c154e5d8b1
1745,f0321b0d48,3fb3488923
1746,0d62ff15c6,6a1573c96d
1747,74e4b7f29c,cfc29d9f40
1748,6be53ce921,7c9b56ba22
1749,5c13b45050,b70f906c8f
1750,c96877df16,27c9138523
1751,5e35979172,6589685f2a
1752,55d0d34275,6f122af22f
1753,6cd477d089,ed9b119363
1754,648866811b,b14675f90a
1755,43e9e36a36,bc9583b61b
1756,79861f765d,2630a0c655
1757,295326891a,f9140c6cae
1758,0fd9ab0acd,8cea504fc0
1759,b4221769f9,0e6bbb26eb
1760,91d1cdcd3e,7e320c2d41
1761,f819d6a8bc,4a94ad1bc8
1762,f377536b73,8862303439
1763,ca0f9ea36a,e2421ff9df
1764,e224740b46,16b290b76d
1765,d2b7985fe2,96ebf61d44
1766,0fb1930a13,d1c1c98cb6
1767,ad14ab4ae8,d84878923c
1768,982a3879e3,c4216b38b3
1769,adf5180883,2774057fab
1770,5b707e60c5,2261884db9
1771,9fe544476b,95c3adeddf
1772,a26850cb14,51b2be5d45
1773,1b997750b4,4a0f7f73f5
1774,f4f84ba992,13ed07adb7
1775,c94d79ee2b,862c17b63e
1776,112e4c99e8,27d31ec2cc
1777,e777a591f1,7ec96e72e8
1778,92d1ad7c12,2b5e483cc6
1779,aa8c401e6f,1920da7d6a
1780,6dd180abd2,ef2a5305f2
1781,3b7094fb12,a185566e05
1782,3fd6de3a3f,2610108b94
1783,2854e13580,577ac9eebe
1784,09f2a0b096,b6ef2bda95
1785,d26b36c4bf,947baae4ce
1786,b3b3217430,72d1f23856
1787,feec343f13,2a3f0b5816
1788,c91e06c288,f094704303
1789,11c902152e,82f9713d6d
1790,a0ec11da11,71ce0713a5
1791,433f956985,8883c91c20
1792,b1700fbbbc,78714b4b22
1793,7e388a2668,45e65977d3
1794,e4e3c516e4,afb93fb38b
1795,8430b294d6,afefe2791a
1796,daec90f579,7ff164847a
1797,afe8ada0a0,f60d804a2c
1798,6fef63a323,20fe7cda64
1799,4206e15438,14d05b8a8a
1800,5e0fe15d53,490aa21ece
1801,ebb083516c,528808cd9d
1802,ea9363ee60,1edc87569b
1803,57d554d16c,e3c3f46903
1804,504fccfd84,8eb8581bb5
1805,1b2a2c01d2,a93b12a873
1806,37d0b1a666,be308c7e3b
1807,71cabbc371,be7e105875
1808,6c3c9e9a1c,dafbd93aa8
1809,ba2e3ef189,1b8cb7aa1a
1810,68e56b32d7,450ed6c830
1811,7f132500e6,64ebc55a61
1812,55860afa01,00bd8c3c9f
1813,ddba413494,e6e55b1c16
1814,3b419f007a,0b77d90948
1815,48dfdc973e,8ddc46d1ef
1816,4f8184f8d6,c2726281eb
1817,f80b397a91,b1add8f9f5
1818,a4d2e9f225,9dc5992609
1819,580bf8ebae,18d5e0c04d
1820,c8fea3558a,feb0128009
1821,8b83e046a2,3d9aec32e4
1822,7320e428ef,22e82c621c
1823,c4aed70e45,dd4cbc65a4
1824,7da1ad0097,e0a29d0400
1825,f859738725,233a3e7362
1826,29984961f2,9554962879
1827,61554eae60,57ad1a6afd
1828,900b792961,f52be6c42d
1829,0ebb3ae153,b5ee305a82
1830,9fb33f3235,49f26b890f
1831,41e1b4fda7,e66123b669
1832,4e5ac10f58,c58b4529da
1833,7530b25426,62b5a41ae9
1834,97da1c93df,2f76ce7eee
1835,93918dcc25,1208b5aaae
1836,cbfb9cd085,fbda9ea7c9
1837,9a205ceb92,deb16e1710
1838,e2a9593c76,a351a51204
1839,04651fc4c3,d55ceee33c
1840,d8e5eebe89,b87ad8929f
1841,768f9677f6,27b791855b
1842,9677ae4b29,d93e62a190
1843,b2d3c2c389,8fc246e79b
1844,61d7091b08,88bbdb8151
1845,c9b2b77e7a,ec2c015cd2
1846,6dbf42a846,a25b536c12
1847,55aae97dd1,3975be8c89
1848,3376a97833,d0198d9b61
1849,4b8b28bd8f,d58d26d5db
1850,fad34ba18d,93a9ffdb1f
1851,d9fc061c9a,0588cd0978
1852,0e927d51e0,ce9938c9a8
1853,223b9f24a3,a4b4037fe5
1854,8598df1c1b,04cc72c179
1855,869bc33b23,d570a88639
1856,ddf11439ca,70cb86ef22
1857,cf21937a65,3d0a26fe76
1858,92b7a75b71,74c8144893
1859,a56c0b28b5,fca5d0ffd8
1860,084e4ee665,6e353118e3
1861,9ba11dfa0d,90daa8b529
1862,025dde226d,7c18005e06
1863,98a36b6689,3acd42fdb8
1864,831f331deb,8e7ce13850
1865,3260c747ef,6680896389
1866,237feb0dad,162d4cdc9f
1867,3c21cb09dd,9029d537bd
1868,e786e14afd,03db2d35c5
1869,735bc2fb5f,eb5a30a5b1
1870,e495546369,b6a0157f25
1871,712a3a0bbb,19bbac390c
1872,745e0515a3,f7053b08b0
1873,d3fc8d7e2a,f92c66c92a
1874,7830a7fb26,5b17f5b79d
1875,b005923949,099f7680e5
1876,6f8054e095,4b705d3f65
1877,6187d4f3f3,623bfc509c
1878,26dd4406db,0b8f8db57a
1879,55e2ab3abf,98d326015a
1880,3a1b503d84,69b9f379a1
1881,afe9b13d02,e3e29bfe44
1882,e7e6ef3204,e1655d9842
1883,61f47b9537,915a07f2b4
1884,29bdb2e25c,8af00cc638
1885,82837de260,b043b1972e
1886,972dbd0d12,76342e5395
1887,8d69bc683e,ae8addc264
1888,782d8e2869,17d8976418
1889,cc102f2eb8,22a4a6c825
1890,2072101c0a,a11a831e91
1891,0974c294c7,4604b3e85d
1892,d57e725460,3c60c80fbc
1893,05feaef95d,d032d0434e
1894,1a2ad8afaf,02b11fa73e
1895,5ff0b476d9,4266eb1ee8
1896,65c83750a6,f47b6eba26
1897,711b3f1825,fd2e00cffa
1898,00c74575c1,382dc3eb57
1899,a0b9cef968,783b84ea69
1900,3a3803bafd,ecb1205cc6
1901,460514e602,0f9aea2421
1902,88fe3abcb7,41d6b29b30
1903,36bec189ef,2564a7bda5
1904,d72226f530,bc480e61ad
1905,d86ec10738,3d77d1dc0b
1906,416e11a656,0d04dd1ece
1907,23ebda7176,ecd24ad22e
1908,4a373d1e24,9769a2908e
1909,74b494730a,8614c1585b
1910,dd5e1b5211,c7112e30d4
1911,6fd2527ac0,2f743131dd
1912,deeb5e426f,5607c65c05
1913,3d71015fc1,4d7365132a
1914,83bfa33a78,636a0156fa
1915,ecfd35b47d,34df249c48
1916,c5cf58ade8,ba1a6b3f9f
1917,9ce5cc8457,f90da55c69
1918,64bf9c2df4,8ebfc2ed7d
1919,016ba28eb6,8d7c31a755
1920,0950bbe6e2,5cd6372b68
1921,1b5aa10c34,8b31ea5f19
1922,3e85f1eed3,50cb600932
1923,66bb6545e2,993f176244
1924,6870952580,a1ac094103
1925,e1205348ed,3255e9154e
1926,983e7bf5ed,5ab73ff894
1927,7f4e601e03,7735995594
1928,be7733c65d,91576fb7de
1929,b1b47089be,f590deff83
1930,273ce7da58,d5ab9d58a4
1931,0b45a08c68,7b821f3fba
1932,78218967f2,f9907f97ad
1933,3ede8e4d44,5d90142358
1934,5bde4f7313,4f39de1f76
1935,083dc3fb73,461ce48c46
1936,34c770b063,e5cd4b3069
1937,0cd7fea215,94913c02e0
1938,af2559b028,e71a5f5de0
1939,2ec6d41cc4,0c2fc3e217
1940,4d5157da14,35f7202ec8
1941,0ad56da004,67e06b389e
1942,5b9ceefeb9,24d9a821ea
1943,b42cd3c296,a7c763b9b5
1944,ed5e332005,e976d2588a
1945,8ace26c9f5,dd7f1ebaf7
1946,7af603c007,dcf1953538
1947,e4cb89d988,4114dd7796
1948,aa89dca8c5,e5bd51e206
1949,90bf7609fe,a98091975d
1950,fb385ab7f9,d4a602f9b6
1951,58944791b7,94172764ec
1952,5ef12d4648,9d7ccafaa9
1953,e24c5216c3,1cc9ae38e2
1954,a13ea60369,0eaad98a59
1955,bb93fe6390,48d2c3ad7a
1956,79c5e8588d,c8bf79981d
1957,125ce05742,56ef0256c6
1958,07b0e66762,770413670f
1959,170370c494,428b317838
1960,b348a15c9f,00b282d8f3
1961,fa506d3c31,8426fd8616
1962,65bf9c6fca,670be6aff3
1963,a9bf663458,0f518a0aa3
1964,6df744b682,cf2d6a95a4
1965,0a3e0991da,c1e8cefeff
1966,13049aa1aa,d80678eaea
1967,e498a98bd1,3a5d214d07
1968,8b0f3ae42b,c47796d02f
1969,252b17ab97,0ac26ee403
1970,9dd7dfa14a,48bbc6e162
1971,19246183da,f8a5419474
1972,5b2fe7ed7c,097a34f8db
1973,60d7d2235c,2aa97be009
